<?xml version="1.0" encoding="UTF-8"?>
<metadata xml:lang="en"><Esri><CreaDate>20221008</CreaDate><CreaTime>15532600</CreaTime><ArcGISFormat>1.0</ArcGISFormat><SyncOnce>TRUE</SyncOnce><DataProperties><lineage><Process ToolSource="c:\program files (x86)\arcgis\desktop10.5\ArcToolbox\Toolboxes\Spatial Analyst Tools.tbx\Reclassify" Date="20221008" Time="155326">Reclassify E:\OMDENA\Bangladesh\Aman_Clre_Natore-20221008T091315Z-001\2018_aman_clre.tif VALUE "-10 -3 1;-3 -2 2;-2 -1 3;-1 0 4;0 1 5;1 2 6;2 3 7;3 10 8" E:\OMDENA\Bangladesh\rec\clre_aman\2018_aman_clre.tif DATA</Process></lineage></DataProperties></Esri></metadata>
